City_ID,City,Country,Date,Lat,Lng,Max Temp,Humidity,Cloudiness,Wind Speed,Current Description
0,Husavik,IS,2021-11-02 10:41:34,66.0449,-17.3389,30.11,86,100,21.47,light snow
1,Anadyr,RU,2021-11-02 10:41:35,64.75,177.4833,-12.5,77,20,13.42,few clouds
2,Loikaw,MM,2021-11-02 10:41:35,19.6742,97.2094,69.71,89,67,2.39,broken clouds
3,Ostrovnoy,RU,2021-11-02 10:41:35,68.0531,39.5131,39.02,95,100,29.42,overcast clouds
4,Te Anau,NZ,2021-11-02 10:41:36,-45.4167,167.7167,37.67,93,39,4.0,scattered clouds
5,Avarua,CK,2021-11-02 10:41:36,-21.2078,-159.775,75.25,83,40,11.5,scattered clouds
6,Barrow,US,2021-11-02 10:41:36,71.2906,-156.7887,-2.18,84,20,8.05,mist
7,Behbahan,IR,2021-11-02 10:41:37,30.5959,50.2417,94.32,12,0,13.35,clear sky
8,Rikitea,PF,2021-11-02 10:41:37,-23.1203,-134.9692,72.19,77,98,15.48,overcast clouds
9,Albany,US,2021-11-02 10:41:37,42.6001,-73.9662,42.15,81,99,3.18,overcast clouds
10,Hithadhoo,MV,2021-11-02 10:41:38,-0.6,73.0833,82.89,76,17,17.05,few clouds
11,Villa Bruzual,VE,2021-11-02 10:41:38,9.3328,-69.1208,69.62,91,68,3.53,broken clouds
12,Puerto Ayora,EC,2021-11-02 10:41:38,-0.7393,-90.3518,67.91,92,71,4.65,broken clouds
13,Arraial Do Cabo,BR,2021-11-02 10:41:39,-22.9661,-42.0278,71.46,88,75,6.91,broken clouds
14,Port Keats,AU,2021-11-02 10:41:39,-14.25,129.55,84.96,71,66,6.87,broken clouds
15,Bluff,NZ,2021-11-02 10:41:39,-46.6,168.3333,46.8,57,59,8.48,broken clouds
16,Georgetown,MY,2021-11-02 10:39:31,5.4112,100.3354,80.53,88,40,5.01,scattered clouds
17,Ancud,CL,2021-11-02 10:41:40,-41.8697,-73.8203,51.33,90,100,8.9,overcast clouds
18,Butaritari,KI,2021-11-02 10:41:40,3.0707,172.7902,82.04,73,70,12.82,broken clouds
19,Hambantota,LK,2021-11-02 10:41:40,6.1241,81.1185,88.14,74,40,6.91,scattered clouds
20,Ushuaia,AR,2021-11-02 10:41:27,-54.8,-68.3,44.26,87,0,3.44,clear sky
21,Ovalle,CL,2021-11-02 10:41:41,-30.5983,-71.2003,60.93,74,1,1.16,clear sky
22,Hastings,GB,2021-11-02 10:41:41,50.8552,0.5729,53.4,69,42,5.46,scattered clouds
23,Darnah,LY,2021-11-02 10:41:42,32.767,22.6367,77.25,57,21,10.65,few clouds
24,Tiksi,RU,2021-11-02 10:41:42,71.6872,128.8694,-6.72,100,72,5.39,broken clouds
25,Bilgoraj,PL,2021-11-02 10:41:42,50.5411,22.722,51.37,41,50,10.25,scattered clouds
26,Tasiilaq,GL,2021-11-02 10:41:43,65.6145,-37.6368,28.56,67,100,4.99,overcast clouds
27,Vardo,NO,2021-11-02 10:41:43,70.3705,31.1107,41.2,87,75,12.66,broken clouds
28,Esperance,AU,2021-11-02 10:41:44,-33.8667,121.9,60.64,66,21,12.28,few clouds
29,Yinchuan,CN,2021-11-02 10:41:44,38.4681,106.2731,52.47,29,29,3.29,scattered clouds
30,Lavrentiya,RU,2021-11-02 10:41:44,65.5833,-171.0,26.73,94,100,19.28,light snow
31,Sibolga,ID,2021-11-02 10:41:45,1.7427,98.7792,78.51,87,100,1.88,light rain
32,Hilo,US,2021-11-02 10:41:45,19.7297,-155.09,69.53,73,1,5.75,clear sky
33,Lavumisa,SZ,2021-11-02 10:41:45,-27.31,31.892,83.46,41,81,12.33,broken clouds
34,Castro,BR,2021-11-02 10:41:46,-24.7911,-50.0119,62.47,86,90,5.7,overcast clouds
35,Balkanabat,TM,2021-11-02 10:41:46,39.5108,54.3671,71.06,35,57,0.65,broken clouds
36,Atuona,PF,2021-11-02 10:41:46,-9.8,-139.0333,77.74,70,27,15.32,scattered clouds
37,Souillac,MU,2021-11-02 10:41:47,-20.5167,57.5167,80.37,65,40,13.8,light rain
38,Lorengau,PG,2021-11-02 10:41:47,-2.0226,147.2712,81.14,77,99,4.27,overcast clouds
39,Omsukchan,RU,2021-11-02 10:41:47,62.5333,155.8,-10.41,83,58,3.71,broken clouds
40,Khatanga,RU,2021-11-02 10:41:47,71.9667,102.5,0.16,98,99,4.32,overcast clouds
41,Ixtapa,MX,2021-11-02 10:41:48,20.7,-105.2,76.23,87,9,3.74,clear sky
42,Klyuchi,RU,2021-11-02 10:41:48,52.2667,79.1667,21.06,53,100,15.28,overcast clouds
43,Busselton,AU,2021-11-02 10:41:48,-33.65,115.3333,58.08,71,58,9.1,broken clouds
44,Knysna,ZA,2021-11-02 10:41:49,-34.0363,23.0471,66.58,48,49,11.07,scattered clouds
45,Spasskoye,RU,2021-11-02 10:41:49,44.6108,132.7969,38.57,54,15,2.21,few clouds
46,Hermanus,ZA,2021-11-02 10:41:50,-34.4187,19.2345,67.89,55,16,15.7,few clouds
47,Dire,ML,2021-11-02 10:41:50,12.2833,-10.9667,88.34,48,95,2.19,overcast clouds
48,Cape Town,ZA,2021-11-02 10:37:08,-33.9258,18.4232,69.12,47,40,5.01,scattered clouds
49,San Cristobal,VE,2021-11-02 10:41:50,7.7669,-72.225,64.58,96,84,2.46,broken clouds
50,The Valley,AI,2021-11-02 10:41:33,18.217,-63.0578,81.1,75,99,11.39,overcast clouds
51,Naze,JP,2021-11-02 10:41:51,28.3667,129.4833,67.12,63,72,12.5,broken clouds
52,Esna,EG,2021-11-02 10:41:51,25.2934,32.554,87.82,16,0,12.77,clear sky
53,Belaya Gora,RU,2021-11-02 10:41:52,68.5333,146.4167,-9.65,94,75,5.28,broken clouds
54,Ratodero,PK,2021-11-02 10:41:52,27.803,68.2871,86.02,15,0,8.46,clear sky
55,Mataura,NZ,2021-11-02 10:41:53,-46.1927,168.8643,46.47,96,69,1.68,broken clouds
56,Kapaa,US,2021-11-02 10:41:53,22.0752,-159.319,75.18,84,90,5.75,overcast clouds
57,Ribeira Grande,PT,2021-11-02 10:41:54,38.5167,-28.7,72.0,94,75,5.75,mist
58,Udachnyy,RU,2021-11-02 10:41:54,66.4167,112.4,5.32,96,100,11.16,light snow
59,Carnarvon,AU,2021-11-02 10:41:54,-24.8667,113.6333,68.07,60,57,23.02,broken clouds
60,Laurel,US,2021-11-02 10:41:55,39.0993,-76.8483,49.48,88,90,3.44,overcast clouds
61,Tuatapere,NZ,2021-11-02 10:41:55,-46.1333,167.6833,46.81,72,86,2.77,overcast clouds
62,Hofn,IS,2021-11-02 10:41:55,64.2539,-15.2082,35.1,58,48,26.91,scattered clouds
63,East London,ZA,2021-11-02 10:41:56,-33.0153,27.9116,68.94,52,0,21.85,clear sky
64,Cayenne,GF,2021-11-02 10:41:56,4.9333,-52.3333,82.09,82,84,4.0,broken clouds
65,Riyadh,SA,2021-11-02 10:41:56,24.6877,46.7219,89.74,12,0,3.8,clear sky
66,Airai,TL,2021-11-02 10:41:57,-8.9266,125.4092,64.33,89,97,3.27,overcast clouds
67,Qaqortoq,GL,2021-11-02 10:41:57,60.7167,-46.0333,30.7,73,99,11.77,snow
68,Sharan,RU,2021-11-02 10:41:57,54.8167,54.0,39.52,65,99,11.41,overcast clouds
69,Dikson,RU,2021-11-02 10:41:58,73.5069,80.5464,5.05,91,35,4.68,scattered clouds
70,Iranshahr,IR,2021-11-02 10:41:58,27.2025,60.6848,88.14,18,0,4.61,clear sky
71,Luebo,CD,2021-11-02 10:41:58,-5.35,21.4167,79.09,74,87,3.98,light rain
72,Carora,VE,2021-11-02 10:41:59,10.1755,-70.0827,69.04,90,87,1.63,overcast clouds
73,Skjervoy,NO,2021-11-02 10:41:59,70.0311,20.9714,48.38,83,99,13.73,overcast clouds
74,College,US,2021-11-02 10:41:59,64.8569,-147.8028,30.2,90,90,0.0,snow
75,Marawi,PH,2021-11-02 10:42:00,7.9986,124.2928,72.64,98,100,2.77,light rain
76,Nouakchott,MR,2021-11-02 10:42:00,18.0858,-15.9785,84.13,35,23,11.18,few clouds
77,Zaterechnyy,RU,2021-11-02 10:42:01,44.7931,45.2097,62.92,64,99,10.09,overcast clouds
78,Namibe,AO,2021-11-02 10:42:01,-15.1961,12.1522,75.83,69,75,11.5,broken clouds
79,Sungaipenuh,ID,2021-11-02 10:42:02,-2.0833,101.3833,66.96,98,100,1.68,overcast clouds
80,Opuwo,NA,2021-11-02 10:42:02,-18.0607,13.84,93.31,6,5,11.59,clear sky
81,Port Elizabeth,ZA,2021-11-02 10:38:06,-33.918,25.5701,70.11,43,20,23.02,few clouds
82,North Platte,US,2021-11-02 10:42:03,41.1239,-100.7654,33.69,95,90,0.0,overcast clouds
83,Chuy,UY,2021-11-02 10:42:03,-33.6971,-53.4616,64.56,96,100,9.04,overcast clouds
84,Zeerust,ZA,2021-11-02 10:42:04,-25.5369,26.0751,79.61,10,0,11.61,clear sky
85,Zaliznychne,UA,2021-11-02 10:42:04,45.7489,28.6147,59.79,58,77,14.79,broken clouds
86,Volksrust,ZA,2021-11-02 10:42:04,-27.3654,29.8818,83.89,10,0,13.31,clear sky
87,Katsuura,JP,2021-11-02 10:42:05,35.1333,140.3,65.1,83,96,12.35,light rain
88,Tuktoyaktuk,CA,2021-11-02 10:42:05,69.4541,-133.0374,24.49,95,100,13.38,overcast clouds
89,Hobart,AU,2021-11-02 10:42:05,-42.8794,147.3294,62.46,77,75,12.66,broken clouds
90,Qaanaaq,GL,2021-11-02 10:42:06,77.484,-69.3632,6.94,70,19,7.23,few clouds
91,Labuhan,ID,2021-11-02 10:42:06,-6.8844,112.2051,83.07,72,92,3.18,overcast clouds
92,Punta Arenas,CL,2021-11-02 10:40:20,-53.15,-70.9167,44.71,93,49,13.8,fog
93,Bredasdorp,ZA,2021-11-02 10:42:06,-34.5322,20.0403,67.32,37,14,8.05,few clouds
94,Rio Grande,BR,2021-11-02 10:42:07,-32.035,-52.0986,72.95,90,99,11.16,overcast clouds
95,Sao Felix Do Xingu,BR,2021-11-02 10:42:07,-6.6447,-51.995,75.22,93,97,1.05,overcast clouds
96,Jamestown,US,2021-11-02 10:37:28,42.097,-79.2353,38.01,90,90,5.01,overcast clouds
97,Clyde River,CA,2021-11-02 10:42:07,70.4692,-68.5914,14.95,90,100,8.88,overcast clouds
98,Yellowknife,CA,2021-11-02 10:41:05,62.456,-114.3525,28.42,100,1,4.61,clear sky
99,Vaini,TO,2021-11-02 10:42:08,-21.2,-175.2,75.36,100,75,5.75,broken clouds
100,Umm Lajj,SA,2021-11-02 10:42:08,25.0213,37.2685,86.83,53,100,10.25,overcast clouds
101,Luganville,VU,2021-11-02 10:42:09,-15.5333,167.1667,77.59,80,83,10.87,broken clouds
102,Roma,US,2021-11-02 10:41:56,43.2128,-75.4557,44.65,75,90,3.44,overcast clouds
103,Jaguarari,BR,2021-11-02 10:42:09,-10.2639,-40.1958,77.36,64,74,6.53,broken clouds
104,Kaitangata,NZ,2021-11-02 10:42:09,-46.2817,169.8464,41.07,83,80,3.09,broken clouds
105,Saldanha,ZA,2021-11-02 10:42:10,-33.0117,17.9442,64.45,51,59,11.83,broken clouds
106,Kostino,RU,2021-11-02 10:42:10,58.9097,53.2691,26.73,68,12,6.33,few clouds
107,Sitka,US,2021-11-02 10:42:11,57.0531,-135.33,53.49,50,90,11.5,overcast clouds
108,North Myrtle Beach,US,2021-11-02 10:42:11,33.816,-78.68,57.02,92,1,3.44,clear sky
109,Lebu,CL,2021-11-02 10:42:11,-37.6167,-73.65,49.62,79,63,3.58,broken clouds
110,Sakakah,SA,2021-11-02 10:42:12,29.9697,40.2064,94.57,16,1,9.86,clear sky
111,Constitucion,CL,2021-11-02 10:42:12,-35.3333,-72.4167,54.81,58,3,1.74,clear sky
112,Victor Harbor,AU,2021-11-02 10:42:12,-35.5667,138.6167,71.69,83,100,6.89,light rain
113,Kulu,TR,2021-11-02 10:42:13,39.0951,33.0799,61.3,60,82,18.9,broken clouds
114,Senno,RU,2021-11-02 10:42:13,59.5336,33.9167,41.27,69,20,5.93,few clouds
115,Komsomolskiy,UZ,2021-11-02 10:42:14,40.4272,71.7189,61.84,26,0,2.98,clear sky
116,Huarmey,PE,2021-11-02 10:42:14,-10.0681,-78.1522,63.88,84,59,5.19,broken clouds
117,Keti Bandar,PK,2021-11-02 10:42:14,24.1447,67.4497,86.0,37,0,8.66,clear sky
118,Thompson,CA,2021-11-02 10:42:15,55.7435,-97.8558,24.96,93,75,0.0,broken clouds
119,Chernyshevskiy,RU,2021-11-02 10:42:15,63.0128,112.4714,4.75,90,80,6.02,broken clouds
120,Suoyarvi,RU,2021-11-02 10:42:15,62.0833,32.35,42.78,79,47,7.36,scattered clouds
121,Chokurdakh,RU,2021-11-02 10:42:16,70.6333,147.9167,-11.54,98,31,7.96,scattered clouds
122,Half Moon Bay,US,2021-11-02 10:42:16,37.4636,-122.4286,61.29,95,90,0.0,fog
123,Nikolskoye,RU,2021-11-02 10:42:16,59.7035,30.7861,42.87,73,0,6.73,clear sky
124,Port Alfred,ZA,2021-11-02 10:42:16,-33.5906,26.891,67.24,57,34,23.73,scattered clouds
125,Guerrero Negro,MX,2021-11-02 10:42:17,27.9769,-114.0611,63.14,90,94,9.82,overcast clouds
126,Olinda,BR,2021-11-02 10:42:17,-8.0089,-34.8553,78.53,78,75,9.22,broken clouds
127,Gaoual,GN,2021-11-02 10:42:18,11.75,-13.2,87.22,62,48,3.15,scattered clouds
128,Colares,PT,2021-11-02 10:42:18,38.7992,-9.4469,66.97,69,75,1.99,broken clouds
129,Lockhart,US,2021-11-02 10:42:18,28.6194,-81.4426,66.4,72,1,3.44,clear sky
130,Camacupa,AO,2021-11-02 10:42:19,-12.0167,17.4833,73.17,65,99,7.38,light rain
131,Palanga,LT,2021-11-02 10:42:19,55.9175,21.0686,48.22,71,0,8.05,clear sky
132,Cam Ranh,VN,2021-11-02 10:42:19,11.9214,109.1591,82.36,78,40,13.8,scattered clouds
133,Kolosovka,RU,2021-11-02 10:42:20,56.4678,73.611,11.44,82,17,10.76,few clouds
134,Pisco,PE,2021-11-02 10:42:20,-13.7,-76.2167,59.05,88,75,5.75,mist
135,Smithers,CA,2021-11-02 10:42:20,54.7804,-127.1743,26.92,80,90,8.05,overcast clouds
136,Madimba,TZ,2021-11-02 10:42:21,-10.4,40.3333,85.98,61,8,10.29,clear sky
137,Rocha,UY,2021-11-02 10:42:21,-34.4833,-54.3333,65.93,92,99,8.03,overcast clouds
138,Cozumel,MX,2021-11-02 10:42:21,20.5083,-86.9458,78.94,73,40,8.05,scattered clouds
139,Kupang,ID,2021-11-02 10:42:22,-10.1667,123.5833,82.94,76,75,13.71,light rain
140,Avera,US,2021-11-02 10:42:22,33.194,-82.5271,53.47,71,0,3.44,clear sky
141,New Norfolk,AU,2021-11-02 10:42:22,-42.7826,147.0587,62.1,85,73,3.31,broken clouds
142,Kant,IN,2021-11-02 10:42:23,27.8,79.8,78.75,47,0,1.19,clear sky
143,Cururupu,BR,2021-11-02 10:42:23,-1.8283,-44.8683,81.86,76,72,6.53,broken clouds
144,Ulaangom,MN,2021-11-02 10:42:23,49.9811,92.0667,34.11,53,100,2.98,overcast clouds
145,Sao Filipe,CV,2021-11-02 10:42:24,14.8961,-24.4956,81.81,67,55,7.76,broken clouds
146,Bandarbeyla,SO,2021-11-02 10:42:24,9.4942,50.8122,81.97,65,18,14.76,few clouds
147,Fortuna,US,2021-11-02 10:42:25,40.5982,-124.1573,55.36,70,1,5.01,clear sky
148,Suleja,NG,2021-11-02 10:42:26,9.1758,7.1808,79.79,54,45,3.53,scattered clouds
149,Killybegs,IE,2021-11-02 10:42:27,54.6333,-8.45,49.71,72,100,14.74,overcast clouds
150,Kruisfontein,ZA,2021-11-02 10:42:27,-34.0033,24.7314,67.89,44,51,17.83,broken clouds
151,Wewak,PG,2021-11-02 10:42:27,-3.5534,143.6268,81.12,79,81,6.4,broken clouds
152,Kaseda,JP,2021-11-02 10:42:28,31.4167,130.3167,61.83,64,1,12.97,clear sky
153,Burnie,AU,2021-11-02 10:42:28,-41.0667,145.9167,63.91,94,64,12.39,broken clouds
154,Douglas,US,2021-11-02 10:41:07,41.3,-96.167,32.9,90,1,0.0,clear sky
155,Torbay,CA,2021-11-02 10:42:29,47.6666,-52.7314,49.57,98,90,18.41,mist
156,Kaihua,CN,2021-11-02 10:42:29,23.3687,104.28,61.45,98,93,4.76,overcast clouds
157,Atambua,ID,2021-11-02 10:42:29,-9.1061,124.8925,79.45,75,89,1.95,light rain
158,Bathsheba,BB,2021-11-02 10:42:30,13.2167,-59.5167,79.41,78,40,12.66,scattered clouds
159,Tonekabon,IR,2021-11-02 10:42:30,36.8163,50.8738,69.75,69,3,4.32,clear sky
160,Kavaratti,IN,2021-11-02 10:42:31,10.5669,72.642,82.08,73,86,5.06,moderate rain
161,Kahului,US,2021-11-02 10:42:31,20.8947,-156.47,75.85,90,90,3.44,overcast clouds
162,Talca,CL,2021-11-02 10:40:20,-35.4333,-71.6667,56.16,56,2,2.39,clear sky
163,Mar Del Plata,AR,2021-11-02 10:42:25,-38.0023,-57.5575,61.09,97,90,8.01,drizzle
164,Touros,BR,2021-11-02 10:40:12,-5.1989,-35.4608,83.3,66,43,14.03,scattered clouds
165,Santa Maria Da Vitoria,BR,2021-11-02 10:42:32,-13.3947,-44.1886,72.48,92,100,5.03,light rain
166,Upernavik,GL,2021-11-02 10:42:32,72.7868,-56.1549,21.16,90,99,9.66,overcast clouds
167,Ordzhonikidze,KZ,2021-11-02 10:41:15,52.4411,61.7408,29.03,51,93,17.49,overcast clouds
168,Leningradskiy,RU,2021-11-02 10:42:33,69.3833,178.4167,-9.44,81,59,7.7,broken clouds
169,Currais Novos,BR,2021-11-02 10:42:33,-6.2608,-36.5178,81.41,56,25,16.11,scattered clouds
170,Port Hardy,CA,2021-11-02 10:42:33,50.6996,-127.4199,48.2,87,75,19.57,broken clouds
171,Isla Vista,US,2021-11-02 10:42:34,34.4133,-119.861,58.42,91,75,3.44,broken clouds
172,Yashkul,RU,2021-11-02 10:42:34,46.1711,45.3435,62.98,35,86,12.82,overcast clouds
173,Bethel,US,2021-11-02 10:38:00,41.3712,-73.414,47.05,81,90,0.0,overcast clouds
174,Bridlington,GB,2021-11-02 10:41:49,54.0831,-0.1919,49.28,70,99,9.57,overcast clouds
175,Florianopolis,BR,2021-11-02 10:42:35,-27.6146,-48.5012,72.63,95,75,3.44,broken clouds
176,Zimnicea,RO,2021-11-02 10:42:35,43.6667,25.3667,63.25,54,100,8.19,overcast clouds
177,San Patricio,US,2021-11-02 10:42:36,28.017,-97.5169,75.81,79,4,5.3,clear sky
178,Pangnirtung,CA,2021-11-02 10:42:36,66.1451,-65.7125,18.07,76,100,9.22,overcast clouds
179,Yar-Sale,RU,2021-11-02 10:42:36,66.8333,70.8333,7.68,92,99,6.02,overcast clouds
180,Sept-Iles,CA,2021-11-02 10:40:44,50.2001,-66.3821,43.23,70,75,15.99,broken clouds
181,Amapa,BR,2021-11-02 10:42:37,1.0,-52.0,75.29,94,51,2.24,broken clouds
182,Coihueco,CL,2021-11-02 10:41:55,-36.6167,-71.8333,39.94,59,35,1.14,scattered clouds
183,Auxerre,FR,2021-11-02 10:42:37,47.8,3.5667,49.86,70,80,14.7,broken clouds
184,Cuiluan,CN,2021-11-02 10:42:37,47.72,128.648,31.8,82,21,3.06,few clouds
185,Shihezi,CN,2021-11-02 10:42:38,44.3,86.0333,52.02,42,18,2.91,few clouds
186,Nizhnyaya Omka,RU,2021-11-02 10:42:38,55.4338,74.9426,10.92,84,13,12.44,few clouds
187,Lebanon,US,2021-11-02 10:42:39,36.2081,-86.2911,48.09,78,90,8.05,overcast clouds
188,Port Hedland,AU,2021-11-02 10:42:39,-20.3167,118.5667,77.05,50,10,16.11,clear sky
189,Mahebourg,MU,2021-11-02 10:42:39,-20.4081,57.7,80.26,65,40,13.8,scattered clouds
190,Bela Vista,BR,2021-11-02 10:42:40,-22.1089,-56.5211,76.91,65,12,5.7,few clouds
191,Walvis Bay,NA,2021-11-02 10:42:40,-22.9575,14.5053,72.55,46,0,3.44,clear sky
192,Griffith,US,2021-11-02 10:42:40,41.5284,-87.4237,36.63,80,1,4.61,clear sky
193,Rockport,US,2021-11-02 10:42:41,28.0206,-97.0544,77.0,86,40,3.44,scattered clouds
194,Saint-Philippe,RE,2021-11-02 10:42:41,-21.3585,55.7679,81.99,76,44,5.5,scattered clouds
195,Namatanai,PG,2021-11-02 10:42:41,-3.6667,152.4333,80.53,80,86,5.01,overcast clouds
196,Honiara,SB,2021-11-02 10:42:42,-9.4333,159.95,78.8,88,60,4.25,moderate rain
197,Nelson Bay,AU,2021-11-02 10:42:42,-32.7167,152.15,68.0,75,1,3.0,clear sky
198,Port Blair,IN,2021-11-02 10:42:42,11.6667,92.75,82.81,75,100,6.44,overcast clouds
199,Lhokseumawe,ID,2021-11-02 10:42:43,5.1801,97.1507,81.84,78,61,6.8,broken clouds
200,Makaryev,RU,2021-11-02 10:42:43,57.8797,43.8069,45.43,76,62,8.79,broken clouds
201,Broome,US,2021-11-02 10:42:43,42.2506,-75.833,41.0,72,75,0.0,broken clouds
202,Leeton,AU,2021-11-02 10:42:44,-34.5667,146.4,75.25,35,79,9.22,broken clouds
203,Norman Wells,CA,2021-11-02 10:42:19,65.282,-126.8329,5.04,85,90,2.3,mist
204,Kathmandu,NP,2021-11-02 10:38:42,27.7167,85.3167,68.22,56,20,6.91,few clouds
205,Ponta Do Sol,PT,2021-11-02 10:42:44,32.6667,-17.1,76.01,61,86,3.78,overcast clouds
206,Oranjemund,NA,2021-11-02 10:42:45,-28.55,16.4333,66.09,51,27,18.5,scattered clouds
207,Kulhudhuffushi,MV,2021-11-02 10:42:45,6.6221,73.07,81.03,77,98,7.9,overcast clouds
208,Baiyin,CN,2021-11-02 10:39:09,36.5583,104.2081,49.08,39,100,6.69,overcast clouds
209,Victoria,HK,2021-11-02 10:38:15,22.2855,114.1577,80.56,78,36,1.01,scattered clouds
210,Chumikan,RU,2021-11-02 10:42:46,54.7183,135.315,26.56,73,27,8.59,scattered clouds
211,Mbalmayo,CM,2021-11-02 10:42:46,3.5167,11.5,84.52,52,70,3.02,broken clouds
212,Saint-Francois,FR,2021-11-02 10:42:46,46.4154,3.9054,54.68,66,75,9.22,broken clouds
213,Tevriz,RU,2021-11-02 10:42:47,57.509,72.4042,13.78,81,97,8.34,overcast clouds
214,Inhambane,MZ,2021-11-02 10:42:47,-23.865,35.3833,87.78,66,0,18.41,clear sky
215,Kastamonu,TR,2021-11-02 10:42:47,41.5,33.6667,51.82,43,0,7.31,clear sky
216,Qianan,CN,2021-11-02 10:42:47,44.9932,124.0581,42.82,27,93,11.74,overcast clouds
217,Cap Malheureux,MU,2021-11-02 10:42:48,-19.9842,57.6142,80.47,68,5,8.01,clear sky
218,Hamilton,US,2021-11-02 10:42:48,39.1834,-84.5333,42.24,78,90,1.01,overcast clouds
219,Kusti,SD,2021-11-02 10:42:48,13.1629,32.6635,102.49,18,95,3.85,overcast clouds
220,Stephenville,US,2021-11-02 10:42:49,32.2207,-98.2023,56.75,89,75,6.91,broken clouds
221,Korla,CN,2021-11-02 10:42:49,41.7597,86.1469,52.41,24,0,5.88,clear sky
222,Nizwa,OM,2021-11-02 10:42:50,22.9333,57.5333,92.23,12,4,1.72,clear sky
223,Ilulissat,GL,2021-11-02 10:42:50,69.2167,-51.1,30.22,86,75,2.3,light snow
224,Sindou,BF,2021-11-02 10:42:50,10.6667,-5.1667,90.54,45,68,3.2,broken clouds
225,Kutum,SD,2021-11-02 10:42:51,14.2,24.6667,87.75,18,53,16.44,broken clouds
226,Redmond,US,2021-11-02 10:38:40,47.674,-122.1215,50.11,89,51,3.0,broken clouds
227,Presidente Epitacio,BR,2021-11-02 10:42:51,-21.7633,-52.1156,72.91,71,28,8.48,scattered clouds
228,Svetlyy,RU,2021-11-02 10:42:52,54.675,20.1347,49.96,60,29,12.71,scattered clouds
229,Longyearbyen,SJ,2021-11-02 10:42:52,78.2186,15.6401,13.84,67,40,13.8,scattered clouds
230,Soyo,AO,2021-11-02 10:42:52,-6.1349,12.3689,82.45,70,100,5.5,overcast clouds
231,Port-Gentil,GA,2021-11-02 10:42:53,-0.7193,8.7815,82.36,74,75,4.61,moderate rain
232,Saryozek,KZ,2021-11-02 10:42:53,44.3583,77.9753,50.16,42,25,9.15,scattered clouds
233,Buchanan,LR,2021-11-02 10:42:54,5.8808,-10.0467,82.36,67,37,2.62,scattered clouds
234,Harper,LR,2021-11-02 10:42:54,4.375,-7.7169,82.45,71,27,2.98,light rain
235,Telemaco Borba,BR,2021-11-02 10:42:54,-24.3239,-50.6156,64.89,87,85,2.82,overcast clouds
236,Verkhniye Achaluki,RU,2021-11-02 10:42:55,43.3469,44.6975,50.45,100,75,6.71,broken clouds
237,Kodiak,US,2021-11-02 10:42:55,57.79,-152.4072,34.92,68,27,9.55,scattered clouds
238,Evanston,US,2021-11-02 10:42:55,42.0411,-87.6901,34.47,73,20,1.99,few clouds
239,Yeppoon,AU,2021-11-02 10:42:56,-23.1333,150.7333,73.18,66,17,19.04,few clouds
240,Lasa,IT,2021-11-02 10:42:56,46.6166,10.7002,48.69,76,26,0.89,scattered clouds
241,Laguna,US,2021-11-02 10:42:57,38.421,-121.4238,61.09,94,90,0.0,mist
242,Jinchang,CN,2021-11-02 10:42:57,38.4953,102.1739,46.29,32,32,4.92,scattered clouds
243,Kitimat,CA,2021-11-02 10:41:35,54.0524,-128.6534,36.91,29,100,2.08,light rain
244,Sakhipur,BD,2021-11-02 10:42:57,24.3,90.1833,85.87,67,50,4.18,scattered clouds
245,Faanui,PF,2021-11-02 10:42:58,-16.4833,-151.75,78.58,83,100,8.66,light rain
246,Ahipara,NZ,2021-11-02 10:42:58,-35.1667,173.1667,56.35,84,74,11.65,light rain
247,Meulaboh,ID,2021-11-02 10:42:58,4.1363,96.1285,79.61,83,99,2.71,overcast clouds
248,Matara,LK,2021-11-02 10:42:59,5.9485,80.5353,83.12,74,52,8.7,broken clouds
249,Sorland,NO,2021-11-02 10:42:59,67.667,12.6934,51.87,85,90,14.45,overcast clouds
250,Hobyo,SO,2021-11-02 10:42:59,5.3505,48.5268,84.42,59,82,11.92,broken clouds
251,Haines Junction,CA,2021-11-02 10:43:00,60.7522,-137.5108,19.35,86,14,1.14,few clouds
252,Dalianwan,CN,2021-11-02 10:43:00,39.0286,121.695,57.72,67,87,2.24,light rain
253,Wyndham,US,2021-11-02 10:43:00,37.6985,-77.6125,49.12,92,75,1.99,broken clouds
254,Ouadda,CF,2021-11-02 10:43:01,8.0777,22.4007,87.62,48,43,4.14,scattered clouds
255,Kavieng,PG,2021-11-02 10:43:01,-2.5744,150.7967,82.18,74,99,3.49,overcast clouds
256,Codrington,AU,2021-11-02 10:43:02,-38.2667,141.9667,74.12,35,100,14.43,overcast clouds
257,Saint Anthony,US,2021-11-02 10:43:02,45.0205,-93.218,33.93,78,1,1.01,clear sky
258,Bumba,CD,2021-11-02 10:43:03,2.1833,22.4667,84.51,55,99,3.47,overcast clouds
259,Coolum Beach,AU,2021-11-02 10:43:03,-26.5333,153.1,70.11,77,26,1.01,scattered clouds
260,Sulangan,PH,2021-11-02 10:43:04,11.1373,123.7228,79.05,91,100,20.2,overcast clouds
261,Yumen,CN,2021-11-02 10:43:04,40.2833,97.2,44.49,27,6,12.3,clear sky
262,Chirongui,YT,2021-11-02 10:43:04,-12.9319,45.1483,85.93,74,0,7.81,clear sky
263,Pargolovo,RU,2021-11-02 10:43:05,60.0869,30.2718,42.66,85,0,7.18,clear sky
264,Kribi,CM,2021-11-02 10:43:05,2.95,9.9167,80.55,74,74,4.9,broken clouds
265,Cooma,AU,2021-11-02 10:43:06,-36.2333,149.1333,55.17,94,8,11.5,clear sky
266,Tantoyuca,MX,2021-11-02 10:43:06,21.35,-98.2333,66.87,89,45,1.14,scattered clouds
267,Bereda,ES,2021-11-02 10:43:06,43.2686,-7.5406,57.0,100,87,10.49,overcast clouds
268,Eruwa,NG,2021-11-02 10:43:07,7.5333,3.4167,80.89,62,66,3.42,broken clouds
269,Vila Velha,BR,2021-11-02 10:43:07,-20.3297,-40.2925,73.35,94,90,3.44,overcast clouds
270,Porto Nacional,BR,2021-11-02 10:43:07,-10.7081,-48.4172,73.4,91,100,0.38,overcast clouds
271,Poum,NC,2021-11-02 10:43:08,-20.2333,164.0167,73.51,62,97,9.57,overcast clouds
272,Ust-Tsilma,RU,2021-11-02 10:43:08,65.441,52.1498,18.7,82,47,7.4,scattered clouds
273,Fairbanks,US,2021-11-02 10:40:02,64.8378,-147.7164,30.22,90,90,0.0,snow
274,Lagoa,PT,2021-11-02 10:43:09,39.05,-27.9833,69.48,83,98,8.68,overcast clouds
275,Sorong,ID,2021-11-02 10:43:09,-0.8833,131.25,79.68,85,100,5.41,moderate rain
276,Westport,US,2021-11-02 10:43:09,41.1415,-73.3579,50.76,84,75,1.01,broken clouds
277,Easton,US,2021-11-02 10:43:10,40.6884,-75.2207,46.49,84,90,1.99,overcast clouds
278,Stonewall,CA,2021-11-02 10:43:10,50.1344,-97.3268,33.48,89,37,6.33,scattered clouds
279,Saskylakh,RU,2021-11-02 10:43:10,71.9167,114.0833,-21.26,100,99,2.93,overcast clouds
280,Nanortalik,GL,2021-11-02 10:43:11,60.1432,-45.2371,40.08,84,100,18.19,moderate rain
281,Wuda,CN,2021-11-02 10:43:11,39.4994,106.7117,49.64,30,1,6.46,clear sky
282,Nadym,RU,2021-11-02 10:43:11,65.5333,72.5167,2.97,94,13,8.25,few clouds
283,Coahuayana,MX,2021-11-02 10:43:12,18.7333,-103.6833,73.15,86,94,3.85,overcast clouds
284,Aykhal,RU,2021-11-02 10:43:12,66.0,111.5,5.94,97,100,6.02,light snow
285,Mnogovershinnyy,RU,2021-11-02 10:43:12,53.9353,139.9242,21.79,82,7,3.87,clear sky
286,Bengkulu,ID,2021-11-02 10:42:07,-3.8004,102.2655,78.67,82,91,0.58,overcast clouds
287,Agadir,MA,2021-11-02 10:43:13,30.4202,-9.5982,68.45,64,0,5.17,clear sky
288,Caribou,US,2021-11-02 10:43:13,46.8606,-68.012,37.18,78,1,9.22,clear sky
289,Saint George,US,2021-11-02 10:43:13,37.1041,-113.5841,63.36,59,1,3.44,clear sky
290,Suluq,LY,2021-11-02 10:43:14,31.6682,20.2521,82.9,29,1,9.6,clear sky
291,Pevek,RU,2021-11-02 10:43:14,69.7008,170.3133,3.63,95,100,10.47,light snow
292,Havoysund,NO,2021-11-02 10:43:15,70.9963,24.6622,45.48,87,100,20.15,overcast clouds
293,Angoche,MZ,2021-11-02 10:43:15,-16.2325,39.9086,87.37,60,0,19.53,clear sky
294,Vestmannaeyjar,IS,2021-11-02 10:43:15,63.4427,-20.2734,32.99,69,0,28.77,clear sky
295,Pathein,MM,2021-11-02 10:43:16,16.7833,94.7333,82.76,77,39,4.25,scattered clouds
296,Cabanas,CU,2021-11-02 10:43:16,22.9758,-82.9219,66.67,80,21,3.6,few clouds
297,Maxixe,MZ,2021-11-02 10:43:17,-23.8597,35.3472,87.62,66,0,18.41,clear sky
298,Provideniya,RU,2021-11-02 10:43:17,64.3833,-173.3,18.27,88,100,18.88,overcast clouds
299,Derzhavinsk,KZ,2021-11-02 10:41:17,51.1,66.3167,32.23,59,100,19.86,overcast clouds
300,Qeshm,IR,2021-11-02 10:43:18,26.9581,56.2719,91.27,46,21,6.33,few clouds
301,Viedma,AR,2021-11-02 10:43:18,-40.8135,-62.9967,58.33,71,61,12.21,broken clouds
302,Yerbogachen,RU,2021-11-02 10:43:18,61.2767,108.0108,7.93,96,91,1.14,overcast clouds
303,Quelimane,MZ,2021-11-02 10:43:19,-17.8786,36.8883,98.55,47,20,9.22,few clouds
304,Pemba,MZ,2021-11-02 10:43:19,-12.974,40.5178,84.9,79,20,20.71,few clouds
305,Fort Nelson,CA,2021-11-02 10:41:19,58.8053,-122.7002,9.99,85,1,3.44,clear sky
306,Isangel,VU,2021-11-02 10:43:19,-19.55,169.2667,71.62,67,99,11.92,overcast clouds
307,Bonavista,CA,2021-11-02 10:43:20,48.6499,-53.1147,52.12,92,63,11.41,broken clouds
308,Muros,ES,2021-11-02 10:43:20,42.7762,-9.0603,59.23,84,88,22.01,overcast clouds
309,Severo-Kurilsk,RU,2021-11-02 10:43:20,50.6789,156.125,36.55,72,99,9.17,overcast clouds
310,Dorchester,US,2021-11-02 10:43:21,33.1002,-80.3831,56.88,100,40,0.0,scattered clouds
311,Talnakh,RU,2021-11-02 10:43:21,69.4865,88.3972,-5.42,94,86,8.55,overcast clouds
312,Cherskiy,RU,2021-11-02 10:43:21,68.75,161.3,-2.47,98,100,12.01,light snow
313,Ban Phai,TH,2021-11-02 10:43:22,16.06,102.731,86.22,78,97,6.04,overcast clouds
314,Kogon,UZ,2021-11-02 10:43:22,39.7228,64.5517,68.04,28,0,2.3,clear sky
315,Geraldton,AU,2021-11-02 10:43:22,-28.7667,114.6,63.12,59,40,11.5,scattered clouds
316,Vlasim,CZ,2021-11-02 10:43:23,49.7063,14.8988,50.27,87,100,7.43,overcast clouds
317,Marshall,US,2021-11-02 10:43:23,34.3834,-86.3333,50.13,80,1,1.01,clear sky
318,Kayerkan,RU,2021-11-02 10:43:24,69.3497,87.7602,-5.13,99,98,10.42,overcast clouds
319,Erdenet,MN,2021-11-02 10:40:08,49.0333,104.0833,29.25,37,23,5.82,few clouds
320,Evensk,RU,2021-11-02 10:43:24,61.95,159.2333,-4.97,83,35,6.4,scattered clouds
321,Rio Gallegos,AR,2021-11-02 10:43:24,-51.6226,-69.2181,41.05,87,4,10.36,mist
322,Fuerte Olimpo,PY,2021-11-02 10:43:25,-21.0415,-57.8738,82.9,50,22,6.04,few clouds
323,Curup,ID,2021-11-02 10:43:25,-3.4667,102.5333,70.47,99,97,2.35,overcast clouds
324,Moose Factory,CA,2021-11-02 10:43:26,51.2585,-80.6094,30.2,93,90,17.27,light snow
325,Bambous Virieux,MU,2021-11-02 10:43:26,-20.3428,57.7575,80.22,65,40,13.8,scattered clouds
326,Vao,NC,2021-11-02 10:43:26,-22.6667,167.4833,69.42,57,89,17.22,overcast clouds
327,Vanimo,PG,2021-11-02 10:43:27,-2.6741,141.3028,79.75,83,80,6.71,broken clouds
328,Barcelos,PT,2021-11-02 10:40:44,41.5388,-8.6151,60.94,81,99,10.76,overcast clouds
329,Quatre Cocos,MU,2021-11-02 10:43:27,-20.2078,57.7625,80.1,71,9,10.49,clear sky
330,Bonthe,SL,2021-11-02 10:43:28,7.5264,-12.505,84.58,68,95,3.91,overcast clouds
331,Zhigansk,RU,2021-11-02 10:43:28,66.7697,123.3711,13.59,96,100,8.68,light snow
332,Robertsport,LR,2021-11-02 10:43:28,6.7533,-11.3686,81.32,74,75,4.16,broken clouds
333,Marzuq,YE,2021-11-02 10:43:29,14.4,46.4667,80.96,19,78,11.05,broken clouds
334,Buraydah,SA,2021-11-02 10:43:29,26.326,43.975,90.05,13,68,3.38,broken clouds
335,Floro,NO,2021-11-02 10:43:29,61.5996,5.0328,56.1,71,75,21.85,broken clouds
336,Ciudad Bolivar,VE,2021-11-02 10:43:30,8.1222,-63.5497,75.76,86,100,6.55,overcast clouds
337,Praia Da Vitoria,PT,2021-11-02 10:43:30,38.7333,-27.0667,69.76,100,20,1.16,few clouds
338,Verkhoyansk,RU,2021-11-02 10:43:31,67.5447,133.385,-5.87,96,100,2.08,overcast clouds
339,Honningsvag,NO,2021-11-02 10:43:31,70.9821,25.9704,44.35,76,40,26.46,scattered clouds
340,Atikokan,CA,2021-11-02 10:43:31,48.7555,-91.6216,26.24,85,100,6.8,overcast clouds
341,Myitkyina,MM,2021-11-02 10:43:32,25.3833,97.4,75.16,70,31,0.13,scattered clouds
342,Mount Gambier,AU,2021-11-02 10:43:32,-37.8333,140.7667,75.11,35,100,6.91,overcast clouds
343,Baruun-Urt,MN,2021-11-02 10:43:33,46.6806,113.2792,36.16,60,46,5.75,scattered clouds
344,Parasia,IN,2021-11-02 10:43:33,22.2,78.7667,76.03,40,79,1.88,broken clouds
345,Miri,MY,2021-11-02 10:43:33,4.4148,114.0089,80.74,89,40,3.44,scattered clouds
346,Shu,KZ,2021-11-02 10:43:34,43.5983,73.7614,57.92,32,8,5.95,clear sky
347,Amot,NO,2021-11-02 10:43:34,59.5714,7.9877,46.51,96,100,5.32,overcast clouds
348,Cruzeiro Do Sul,BR,2021-11-02 10:43:35,-29.5128,-51.9853,75.51,67,44,3.74,scattered clouds
349,Cap-Aux-Meules,CA,2021-11-02 10:43:35,47.3821,-61.8597,46.45,61,20,18.41,few clouds
350,Samarai,PG,2021-11-02 10:43:35,-10.6167,150.6667,81.97,72,18,13.15,few clouds
351,Kapuskasing,CA,2021-11-02 10:43:36,49.4169,-82.4331,26.69,93,75,9.22,broken clouds
352,Ballina,AU,2021-11-02 10:43:36,-28.8667,153.5667,67.96,74,90,9.22,overcast clouds
353,Inirida,CO,2021-11-02 10:43:37,3.8653,-67.9239,73.63,96,98,1.86,overcast clouds
354,Qui Nhon,VN,2021-11-02 10:43:37,13.7667,109.2333,78.01,88,59,8.79,broken clouds
355,Abha,SA,2021-11-02 10:42:11,18.2164,42.5053,76.82,6,0,9.22,clear sky
356,Oxford,GB,2021-11-02 10:40:01,51.7522,-1.256,52.21,92,40,1.01,mist
357,Iqaluit,CA,2021-11-02 10:43:37,63.7506,-68.5145,24.53,62,75,23.0,broken clouds
358,Chabahar,IR,2021-11-02 10:43:38,25.2919,60.643,82.74,52,0,10.2,clear sky
359,Lompoc,US,2021-11-02 10:43:38,34.6391,-120.4579,57.02,90,75,0.0,mist
360,Dembi Dolo,ET,2021-11-02 10:43:38,8.5333,34.8,75.96,48,97,1.92,light rain
361,Bhag,PK,2021-11-02 10:43:39,29.0415,67.8239,88.97,13,2,2.17,clear sky
362,Isla Mujeres,MX,2021-11-02 10:43:39,21.2311,-86.731,69.85,66,23,9.08,few clouds
363,Zarichne,UA,2021-11-02 10:43:39,51.8126,26.129,53.04,58,20,11.61,few clouds
364,Belogorsk,RU,2021-11-02 10:43:40,50.9158,128.4611,31.14,51,79,10.67,broken clouds
365,Nador,MA,2021-11-02 10:43:40,35.174,-2.9287,78.87,60,20,9.22,few clouds
366,Cockburn Town,TC,2021-11-02 10:41:40,21.4612,-71.1419,81.12,67,17,10.31,few clouds
367,Adrar,MR,2021-11-02 10:43:41,20.5022,-10.0711,89.29,11,41,13.6,scattered clouds
368,Jacksonville,US,2021-11-02 10:43:41,30.3322,-81.6556,62.98,90,75,1.01,broken clouds
369,Jiangyou,CN,2021-11-02 10:43:41,31.7667,104.7167,59.59,80,100,0.92,overcast clouds
370,Ahuimanu,US,2021-11-02 10:43:42,21.4447,-157.8378,76.71,76,1,0.0,clear sky
371,Lata,PT,2021-11-02 10:43:42,40.1629,-8.3327,63.91,78,100,8.34,overcast clouds
372,Los Llanos De Aridane,ES,2021-11-02 10:43:42,28.6585,-17.9182,69.55,87,75,5.01,volcanic ash
373,Kashi,CN,2021-11-02 10:43:43,39.4547,75.9797,60.01,17,0,6.71,clear sky
374,Kangly,RU,2021-11-02 10:43:43,44.2544,43.0308,53.65,76,40,15.66,scattered clouds
375,Asbury Park,US,2021-11-02 10:43:43,40.2204,-74.0121,52.21,74,90,1.01,overcast clouds
376,Villarrica,PY,2021-11-02 10:43:44,-25.75,-56.4333,75.42,67,0,3.4,clear sky
377,Tual,ID,2021-11-02 10:43:44,-5.6667,132.75,84.09,71,92,1.92,overcast clouds
378,Great Yarmouth,GB,2021-11-02 10:43:45,52.6083,1.7305,50.95,72,96,10.22,overcast clouds
379,Antofagasta,CL,2021-11-02 10:43:45,-23.65,-70.4,58.28,67,42,1.5,scattered clouds
380,Tolaga Bay,NZ,2021-11-02 10:43:45,-38.3667,178.3,57.34,90,100,12.35,overcast clouds
381,Duncan,US,2021-11-02 10:43:46,34.5023,-97.9578,46.35,82,90,10.36,overcast clouds
382,Tagusao,PH,2021-11-02 10:43:46,9.1924,117.8141,81.59,80,55,5.1,broken clouds
383,Erenhot,CN,2021-11-02 10:40:03,43.6475,111.9767,42.58,28,11,9.8,few clouds
384,Jieshi,CN,2021-11-02 10:43:47,22.8134,115.8257,78.94,78,29,18.05,light rain
385,Lisieux,FR,2021-11-02 10:43:47,49.1667,0.1667,51.53,72,51,7.61,broken clouds
386,Conceicao Do Araguaia,BR,2021-11-02 10:43:48,-8.2578,-49.2647,78.82,82,95,1.34,overcast clouds
387,Abu Dhabi,AE,2021-11-02 10:42:26,24.4667,54.3667,91.51,62,0,9.22,clear sky
388,Kikwit,CD,2021-11-02 10:43:48,-5.041,18.8162,74.71,90,97,4.18,light rain
389,Nicoya,CR,2021-11-02 10:43:48,10.1483,-85.452,72.68,94,98,3.13,overcast clouds
390,Siyabuswa,ZA,2021-11-02 10:43:49,-25.1132,29.0445,99.18,12,1,12.1,clear sky
391,Ambilobe,MG,2021-11-02 10:43:49,-13.2,49.05,83.62,63,59,8.05,broken clouds
392,Necochea,AR,2021-11-02 10:43:49,-38.5473,-58.7368,55.04,83,99,3.38,overcast clouds
393,Mae Sai,TH,2021-11-02 10:43:50,20.4335,99.8762,85.32,90,64,0.74,light rain
394,Tabou,CI,2021-11-02 10:43:50,4.423,-7.3528,82.99,69,27,3.74,light rain
395,Becerril,CO,2021-11-02 10:43:51,9.7041,-73.2793,72.5,83,100,2.82,overcast clouds
396,Sale,MA,2021-11-02 10:43:51,34.0389,-6.8166,75.88,60,75,3.44,broken clouds
397,Mae Ramat,TH,2021-11-02 10:43:51,16.984,98.5166,82.72,90,99,1.63,moderate rain
398,Alyangula,AU,2021-11-02 10:43:52,-13.8483,136.4192,84.07,79,100,9.22,overcast clouds
399,Bolshoye Selo,RU,2021-11-02 10:43:52,57.7177,38.9334,44.94,72,12,6.22,few clouds
400,Wawa,NG,2021-11-02 10:43:53,9.9022,4.4192,90.63,39,100,2.62,overcast clouds
401,Falavarjan,IR,2021-11-02 10:43:53,32.5553,51.5097,76.68,19,1,2.3,clear sky
402,Severnoye,RU,2021-11-02 10:43:53,56.3491,78.3619,9.91,77,100,12.55,overcast clouds
403,Lerwick,GB,2021-11-02 10:43:54,60.1545,-1.1494,48.2,81,99,14.25,overcast clouds
404,Campos Novos,BR,2021-11-02 10:43:54,-27.4017,-51.225,64.42,71,74,5.7,broken clouds
405,Nizhniy Kuranakh,RU,2021-11-02 10:43:55,58.8353,125.4869,26.1,96,100,3.65,snow
406,Lalsk,RU,2021-11-02 10:43:55,60.7415,47.5862,31.71,71,4,7.27,clear sky
407,Sangar,RU,2021-11-02 10:43:55,63.9242,127.4739,19.89,93,100,11.16,light snow
408,Agirish,RU,2021-11-02 10:43:56,61.9247,63.0231,14.2,86,4,4.59,clear sky
409,Pemangkat,ID,2021-11-02 10:43:56,1.1667,108.9667,80.08,82,99,7.85,overcast clouds
410,Smidovich,RU,2021-11-02 10:43:56,48.6,133.8167,34.83,38,7,4.36,clear sky
411,Dabat,ET,2021-11-02 10:43:57,12.9842,37.765,64.74,52,77,6.89,light rain
412,Kjollefjord,NO,2021-11-02 10:43:57,70.9457,27.3465,44.65,81,0,31.07,clear sky
413,Goderich,CA,2021-11-02 10:43:58,43.7501,-81.7165,44.91,61,52,18.41,broken clouds
414,Tessalit,ML,2021-11-02 10:43:58,20.1986,1.0114,95.25,11,11,16.06,few clouds
415,Forest Grove,US,2021-11-02 10:43:58,45.5198,-123.1107,49.96,81,90,1.01,overcast clouds
416,Churapcha,RU,2021-11-02 10:43:59,62.0025,132.4325,23.56,89,100,9.01,overcast clouds
417,Terme,TR,2021-11-02 10:43:59,41.2092,36.9739,64.33,77,100,3.44,overcast clouds
418,Luderitz,NA,2021-11-02 10:43:59,-26.6481,15.1594,70.54,47,0,25.14,clear sky
419,Coihaique,CL,2021-11-02 10:44:00,-45.5752,-72.0662,48.15,76,20,2.3,few clouds
420,San Jose,US,2021-11-02 10:42:54,37.3394,-121.895,61.25,90,90,6.91,overcast clouds
421,Guanica,PR,2021-11-02 10:40:10,17.9716,-66.908,76.21,78,5,4.14,clear sky
422,Henties Bay,NA,2021-11-02 10:44:00,-22.116,14.2845,63.86,70,37,13.76,scattered clouds
423,Kuusamo,FI,2021-11-02 10:44:01,65.9667,29.1833,41.04,93,90,9.22,overcast clouds
424,Shalya,RU,2021-11-02 10:44:01,57.2471,58.7298,22.26,60,0,7.31,clear sky
425,Kaeo,NZ,2021-11-02 10:44:02,-35.1,173.7833,56.32,88,92,8.12,overcast clouds
426,Jacareacanga,BR,2021-11-02 10:44:03,-6.2222,-57.7528,72.99,97,100,1.9,overcast clouds
427,Turayf,SA,2021-11-02 10:44:03,31.6725,38.6637,82.65,34,0,9.22,clear sky
428,Mayo,US,2021-11-02 10:44:03,38.8876,-76.5119,50.29,85,90,0.0,overcast clouds
429,Richards Bay,ZA,2021-11-02 10:40:13,-28.783,32.0377,70.92,67,100,18.84,overcast clouds
430,Varhaug,NO,2021-11-02 10:44:04,58.6147,5.6457,49.89,77,26,11.77,scattered clouds
431,Grindavik,IS,2021-11-02 10:44:04,63.8424,-22.4338,30.67,69,75,26.46,broken clouds
432,Paamiut,GL,2021-11-02 10:44:04,61.994,-49.6678,41.36,82,100,39.46,light rain
433,Balikpapan,ID,2021-11-02 10:44:05,-1.2675,116.8289,79.79,94,20,0.0,few clouds
434,Sabancuy,MX,2021-11-02 10:44:05,18.9667,-91.1833,71.33,84,12,8.93,few clouds
435,Indianola,US,2021-11-02 10:44:06,41.3581,-93.5574,28.2,84,3,6.02,clear sky
436,Ayni,TJ,2021-11-02 10:44:06,39.3941,68.5377,56.3,27,0,0.31,clear sky
437,Kieta,PG,2021-11-02 10:44:06,-6.2167,155.6333,80.28,83,100,4.65,light rain
438,Teya,RU,2021-11-02 10:44:07,60.3778,92.6267,6.01,93,100,3.69,overcast clouds
439,Pimentel,PE,2021-11-02 10:44:07,-6.8367,-79.9342,61.83,91,72,8.97,broken clouds
440,Klaksvik,FO,2021-11-02 10:44:08,62.2266,-6.589,43.72,89,99,27.89,overcast clouds
441,Anshun,CN,2021-11-02 10:39:11,26.25,105.9333,53.02,93,100,6.17,overcast clouds
442,Nabire,ID,2021-11-02 10:44:08,-3.3667,135.4833,78.12,85,79,1.74,broken clouds
443,Sao Joao Da Barra,BR,2021-11-02 10:44:09,-21.6403,-41.0511,75.29,86,57,13.98,broken clouds
444,Bubaque,GW,2021-11-02 10:44:09,11.2833,-15.8333,82.54,72,6,5.66,clear sky
445,Paulista,BR,2021-11-02 10:44:09,-7.9408,-34.8731,78.66,72,45,10.54,scattered clouds
446,Uvira,CD,2021-11-02 10:44:09,-3.4067,29.1458,78.89,69,100,2.08,light rain
447,Manokwari,ID,2021-11-02 10:44:10,-0.8667,134.0833,80.08,74,87,3.65,overcast clouds
448,Ewa Beach,US,2021-11-02 10:44:10,21.3156,-158.0072,76.95,79,20,4.0,few clouds
449,Axente Sever,RO,2021-11-02 10:44:10,46.1,24.2167,53.37,47,71,5.55,broken clouds
450,Batemans Bay,AU,2021-11-02 10:44:11,-35.7167,150.1833,65.1,83,0,8.01,clear sky
451,Seydi,TM,2021-11-02 10:44:11,39.4816,62.9137,66.99,23,65,5.1,broken clouds
452,Kandrian,PG,2021-11-02 10:44:11,-6.2167,149.55,77.95,87,95,7.34,overcast clouds
453,Dingle,PH,2021-11-02 10:44:12,10.9995,122.6711,76.48,93,87,8.43,moderate rain
454,Sokoto,NG,2021-11-02 10:44:12,13.0609,5.239,96.3,12,75,11.3,broken clouds
455,Salalah,OM,2021-11-02 10:44:12,17.0151,54.0924,87.89,48,0,6.91,clear sky
456,Ternate,ID,2021-11-02 10:44:13,0.8,127.4,77.16,90,100,7.07,heavy intensity rain
457,Rudbar,AF,2021-11-02 10:44:13,30.15,62.6,72.05,13,29,5.03,scattered clouds
458,Codo,BR,2021-11-02 10:44:14,-4.4553,-43.8856,79.41,80,88,5.14,overcast clouds
459,Valcourt,CA,2021-11-02 10:44:14,45.5001,-72.3158,40.95,87,9,5.88,clear sky
460,Kotelnikovo,RU,2021-11-02 10:44:14,47.6317,43.1461,59.59,41,100,11.83,overcast clouds
461,Rock Sound,BS,2021-11-02 10:44:15,24.9,-76.2,78.73,69,97,10.69,overcast clouds
462,Mirnyy,RU,2021-11-02 10:44:15,62.5353,113.9611,8.71,86,61,7.05,broken clouds
463,Santiago Del Estero,AR,2021-11-02 10:44:16,-27.7951,-64.2615,63.39,92,100,7.67,overcast clouds
464,Kaduqli,SD,2021-11-02 10:44:16,11.0167,29.7167,99.43,22,36,3.47,scattered clouds
465,Nishihara,JP,2021-11-02 10:44:16,26.1842,127.7558,74.48,58,75,11.5,broken clouds
466,Cidreira,BR,2021-11-02 10:44:17,-30.1811,-50.2056,71.13,84,93,12.24,overcast clouds
467,Hovd,MN,2021-11-02 10:44:17,48.0056,91.6419,37.67,36,100,11.12,overcast clouds
468,Xining,CN,2021-11-02 10:44:18,36.6167,101.7667,41.59,53,100,3.94,overcast clouds
469,Okmulgee,US,2021-11-02 10:44:18,35.6234,-95.9605,46.18,100,90,12.66,mist
470,Itarema,BR,2021-11-02 10:43:08,-2.9248,-39.9167,83.95,66,47,14.43,scattered clouds
471,Waipawa,NZ,2021-11-02 10:44:18,-41.4122,175.5153,52.45,66,99,17.69,overcast clouds
472,Segezha,RU,2021-11-02 10:44:19,63.7415,34.3222,44.74,80,89,12.62,overcast clouds
473,Wattegama,LK,2021-11-02 10:44:19,6.7989,81.4808,86.92,84,100,4.94,overcast clouds
474,Schela,RO,2021-11-02 10:44:20,45.5,27.8167,61.84,54,61,14.23,broken clouds
475,Ilhabela,BR,2021-11-02 10:44:20,-23.7781,-45.3581,71.49,90,98,0.96,overcast clouds
476,Tahta,EG,2021-11-02 10:44:20,26.7693,31.5021,84.52,28,0,11.54,clear sky
477,Jesus,PY,2021-11-02 10:44:21,-27.05,-55.7833,71.92,70,0,5.1,clear sky
478,Poim,RU,2021-11-02 10:44:21,53.0264,43.1872,51.85,63,43,6.53,scattered clouds
479,Urengoy,RU,2021-11-02 10:44:21,65.9667,78.3667,-2.52,96,12,12.01,few clouds
480,Ugoofaaru,MV,2021-11-02 10:44:22,5.6667,73.0,80.82,79,84,11.1,broken clouds
481,Hostotipaquillo,MX,2021-11-02 10:44:22,21.0667,-104.0667,64.31,93,53,1.63,broken clouds
482,Zarand,IR,2021-11-02 10:44:22,30.8127,56.564,72.7,19,7,6.24,clear sky
483,Placido De Castro,BR,2021-11-02 10:44:23,-10.3353,-67.1856,75.76,85,99,1.95,overcast clouds
484,Nove Hrady,CZ,2021-11-02 10:44:23,48.7896,14.7784,48.54,82,100,7.36,overcast clouds
485,Sosnovo-Ozerskoye,RU,2021-11-02 10:44:23,52.5249,111.5418,27.25,73,14,5.88,few clouds
486,Ardabil,IR,2021-11-02 10:44:24,38.2498,48.2933,67.55,42,75,9.22,broken clouds
487,Zheleznodorozhnyy,RU,2021-11-02 10:44:24,55.7503,38.0042,39.72,56,3,6.33,clear sky
488,Teguldet,RU,2021-11-02 10:44:25,57.3064,88.1667,12.52,70,100,7.7,overcast clouds
489,Tazovskiy,RU,2021-11-02 10:44:25,67.4667,78.7,1.87,95,55,12.53,broken clouds
490,Ayan,RU,2021-11-02 10:44:25,56.45,138.1667,30.0,75,17,6.04,few clouds
491,Podgornoye,RU,2021-11-02 10:44:26,51.735,39.1496,55.62,54,0,13.42,clear sky
492,Slonim,BY,2021-11-02 10:44:26,53.0867,25.3219,53.19,62,3,13.89,clear sky
493,Birao,CF,2021-11-02 10:44:27,10.2849,22.7882,94.73,31,92,3.98,overcast clouds
494,Charagua,BO,2021-11-02 10:44:27,-19.8,-63.2167,67.57,76,95,5.64,moderate rain
495,Nhulunbuy,AU,2021-11-02 10:44:27,-12.2333,136.7667,83.01,74,40,8.05,scattered clouds
496,Eureka,US,2021-11-02 10:44:28,40.8021,-124.1637,55.63,96,99,5.97,overcast clouds
497,Shaki,AZ,2021-11-02 10:44:28,41.0833,47.1667,66.99,49,42,6.76,scattered clouds
498,Yenagoa,NG,2021-11-02 10:44:28,4.9247,6.2642,78.82,82,100,0.74,overcast clouds
499,Kalmunai,LK,2021-11-02 10:44:28,7.4167,81.8167,83.88,74,100,11.56,overcast clouds
500,Olafsvik,IS,2021-11-02 10:44:29,64.8945,-23.7142,31.24,60,28,19.1,scattered clouds
501,Aswan,EG,2021-11-02 10:44:29,24.0934,32.907,92.5,22,0,17.27,clear sky
502,Bayburt,TR,2021-11-02 10:44:29,40.2589,40.2278,51.08,79,100,4.59,light rain
503,Druzhba,UA,2021-11-02 10:44:30,52.0428,33.9453,51.53,79,82,12.39,light rain
504,Dhidhdhoo,MV,2021-11-02 10:44:30,6.8833,73.1,81.32,76,94,7.52,overcast clouds
505,Kaputa,ZM,2021-11-02 10:44:30,-8.4689,29.6619,80.02,57,65,5.06,light rain
506,Hrebinka,UA,2021-11-02 10:44:31,50.1171,32.4361,48.15,96,100,9.53,light rain
507,Aviles,ES,2021-11-02 10:44:31,43.5547,-5.9248,65.93,57,40,11.99,scattered clouds
508,Sinnamary,GF,2021-11-02 10:44:31,5.3833,-52.95,80.85,78,78,7.43,broken clouds
509,Pontianak,ID,2021-11-02 10:44:32,-0.0333,109.3333,80.58,88,40,3.44,scattered clouds
510,Tautira,PF,2021-11-02 10:44:32,-17.7333,-149.15,77.02,82,100,10.65,light rain
511,La Ronge,CA,2021-11-02 10:44:32,55.1001,-105.2842,23.25,80,20,3.44,few clouds
512,Virginia Beach,US,2021-11-02 10:41:54,36.8529,-75.978,55.99,82,20,0.0,few clouds
513,Cumbum,IN,2021-11-02 10:44:33,9.7333,77.3,79.36,82,100,4.29,overcast clouds
514,Mehamn,NO,2021-11-02 10:44:33,71.0357,27.8492,44.78,81,0,31.07,clear sky
515,Vostok,RU,2021-11-02 10:44:34,46.4856,135.8833,29.26,73,8,2.51,clear sky
516,Wanning,CN,2021-11-02 10:44:34,18.8003,110.3967,76.03,91,77,8.77,broken clouds
517,Karratha,AU,2021-11-02 10:44:34,-20.7377,116.8463,74.32,59,1,20.02,clear sky
518,Mackay,AU,2021-11-02 10:43:53,-21.15,149.2,76.98,65,40,17.27,scattered clouds
519,Egvekinot,RU,2021-11-02 10:44:35,66.3167,-179.1667,-8.41,89,7,12.62,clear sky
520,Araceli,PH,2021-11-02 10:44:35,10.5529,119.9913,83.57,74,99,15.84,overcast clouds
521,Rongcheng,CN,2021-11-02 10:44:36,30.634,117.8517,60.53,74,87,1.39,overcast clouds
522,Pacific Grove,US,2021-11-02 10:44:36,36.6177,-121.9166,60.57,93,100,1.01,overcast clouds
523,Nizhniy Tsasuchey,RU,2021-11-02 10:44:36,50.5167,115.1333,33.98,52,17,7.36,few clouds
524,Ushtobe,KZ,2021-11-02 10:44:37,45.2514,77.9838,55.15,33,100,15.52,overcast clouds
525,Khandyga,RU,2021-11-02 10:44:37,62.6667,135.6,16.23,86,100,5.64,overcast clouds
526,Okhotsk,RU,2021-11-02 10:44:37,59.3833,143.3,13.62,77,13,8.12,few clouds
527,Ekhabi,RU,2021-11-02 10:44:38,53.5102,142.9671,26.17,85,5,4.88,clear sky
528,Calamar,CO,2021-11-02 10:44:38,10.2511,-74.9146,76.95,94,100,4.79,overcast clouds
529,Jizan,SA,2021-11-02 10:44:39,17.3333,42.6667,94.14,15,30,7.2,scattered clouds
530,Puerto Escondido,MX,2021-11-02 10:44:39,15.85,-97.0667,76.12,77,28,4.79,scattered clouds
531,Pangody,RU,2021-11-02 10:44:39,65.85,74.4859,-0.83,92,12,8.16,few clouds
532,Billings,US,2021-11-02 10:44:40,45.7833,-108.5007,28.36,74,1,0.0,clear sky
533,Russell,US,2021-11-02 10:44:40,32.3502,-85.1999,49.96,91,1,4.61,fog
534,Kristiinankaupunki,FI,2021-11-02 10:44:40,62.2743,21.376,45.93,88,85,13.96,overcast clouds
535,Nome,US,2021-11-02 10:44:41,64.5011,-165.4064,32.07,93,90,29.93,light snow
536,Tazmalt,DZ,2021-11-02 10:44:41,36.3868,4.3989,73.6,63,96,6.82,overcast clouds
537,Nakusp,CA,2021-11-02 10:44:41,50.2499,-117.8023,35.94,87,100,2.3,overcast clouds
538,Yaan,NG,2021-11-02 10:44:42,7.3833,8.5667,86.41,56,25,6.67,scattered clouds
539,Tecoanapa,MX,2021-11-02 10:44:42,16.5167,-98.75,75.78,84,32,3.4,scattered clouds
540,Dehloran,IR,2021-11-02 10:44:43,32.6941,47.2679,90.36,14,0,7.92,clear sky
541,Santa Marta,CO,2021-11-02 10:44:43,11.2408,-74.199,75.34,83,45,9.44,scattered clouds
542,Mucurapo,TT,2021-11-02 10:44:43,10.6667,-61.5333,79.25,86,54,7.16,broken clouds
543,Eagle Pass,US,2021-11-02 10:44:44,28.7091,-100.4995,67.26,77,0,7.54,clear sky
544,Taloqan,AF,2021-11-02 10:44:44,36.7361,69.5345,64.2,29,0,4.72,clear sky
545,Bucerias,MX,2021-11-02 10:44:44,20.75,-105.3333,76.98,87,33,4.5,scattered clouds
546,Puerto Carreno,CO,2021-11-02 10:40:10,6.189,-67.4859,75.06,91,100,6.67,overcast clouds
547,Usinsk,RU,2021-11-02 10:44:45,65.9939,57.5281,11.12,87,99,9.95,overcast clouds
548,Dunedin,NZ,2021-11-02 10:44:45,-45.8742,170.5036,46.8,76,86,5.99,overcast clouds
549,Floresta,BR,2021-11-02 10:44:45,-8.6011,-38.5686,83.21,53,54,12.15,broken clouds
550,Jambi,ID,2021-11-02 10:43:06,-1.6,103.6167,77.31,93,97,3.4,overcast clouds
551,Kasulu,TZ,2021-11-02 10:44:46,-4.5767,30.1025,73.18,73,80,4.94,moderate rain
552,Pinheiro,BR,2021-11-02 10:44:46,-2.5214,-45.0825,79.77,85,100,4.41,overcast clouds
553,Bose,IT,2021-11-02 10:44:47,45.4612,8.0137,59.76,63,2,3.78,clear sky
554,Santa Cruz,BO,2021-11-02 10:42:57,-17.8,-63.1667,77.05,83,75,14.97,smoke
555,Sharkan,RU,2021-11-02 10:44:47,57.2989,53.8712,28.17,65,9,11.9,clear sky
556,Tecpan,GT,2021-11-02 10:40:30,14.7623,-90.9947,51.12,97,24,5.3,few clouds
557,Aloleng,PH,2021-11-02 10:44:48,16.1307,119.7824,81.55,76,3,7.58,clear sky
558,Omboue,GA,2021-11-02 10:44:48,-1.5746,9.2618,80.38,77,94,4.0,light rain
559,Sunland Park,US,2021-11-02 10:44:49,31.7965,-106.58,62.55,35,40,1.01,scattered clouds
560,Bathurst,AU,2021-11-02 10:44:49,-33.4166,149.5806,61.84,79,26,8.37,scattered clouds
561,Bani,DO,2021-11-02 10:44:49,18.2833,-70.3333,76.86,83,13,6.98,few clouds
562,Tsiroanomandidy,MG,2021-11-02 10:44:50,-18.7667,46.0333,94.21,18,20,7.4,few clouds
563,Mwinilunga,ZM,2021-11-02 10:44:50,-11.7358,24.4293,79.52,52,83,7.65,broken clouds
